Threat_ShortTitle,Threat_Category,Threat_Description,SL1 Req,SL2 Req,SL3 Req,SL4 Req,PCyA allocated to ,Tool shall Compare with
SSH Spoofing {target.Name},S,{target.Name} may be spoofed by an attacker and this may lead to information disclosure by {source.Name}.  Default usage of SSH does little to preclude spoofing on the initial connection.  Subsequent connections use the known_hosts mechanism.  Consider pre-populating the known_hosts file with the correct public key.,Not applicable,CR 1.2,CR 1.2 RE (1),CR 1.2 RE (1),{target.Name} ,{target.Name} may be spoofed by an attacker and this may lead to information disclosure by {source.Name}.  Default usage of SSH does little to preclude spoofing on the initial connection
SSH Spoofing {source.Name},S,"{source.Name} may be spoofed by an attacker and this may lead to unauthorized access to {target.Name}. Authentication of SSH clients is no stronger than the integrity of credentials.  Consider using two factor authentication for human users, and take precautions to securely store private keys for device to device connections.  Avoid use of passwords for device-to-device connections.",CR 1.5,CR 1.2 and CR 1.14,CR 1.2 RE (1) and CR 1.1 RE (2) and CR 1.9 RE (1),CR 1.2 RE (1) and CR 1.1 RE (2),{source.Name} ,{source.Name} may be spoofed by an attacker and this may lead to unauthorized access to {target.Name}. Authentication of SSH 
LDAP Spoofing {target.Name},S,"{target.Name} may be spoofed by an attacker and this may lead to information disclosure by {source.Name}.  LDAP clients do not authenticate the server (unless using LDAPS, and checking the certificate).  Server spoofing could allow unauthorized individuals to log in to a medical device or to intercept and view user credentials.  Suggest using LDAPS with full certificate checking.",Not applicable,Check Manually,Check Manually,Check Manually,Check Manually,"{target.Name} may be spoofed by an attacker and this may lead to information disclosure by {source.Name}.  LDAP clients do not authenticate the server (unless using LDAPS, and checking the certificate).  Server spoofing could allow unauthorized individuals to log in to a medical device or to intercept and view user credentials.  Suggest using LDAPS with full certificate checking."
LDAP Certificate Spoofing {target.Name},S,"In many institutions, LDAP servers use self-signed certificates.  Recommend providing client-side options like certificate caching or allowing users to manually load the server certificate to protect against rogue LDAP servers.",Not applicable,Check Manually,Check Manually,Check Manually,Check Manually, LDAP servers use self-signed certificates
Spoofing the {source.Name} Process,S,{source.Name} may be spoofed by an attacker and this may lead to unauthorized access to {target.Name}. Consider using a standard authentication mechanism to identify the source process.,Not applicable,CR 1.2,CR 1.2 RE (1),CR 1.2 RE (1),{source.Name} ,may be spoofed by an attacker
Spoofing the {target.Name} Process,S,{target.Name} may be spoofed by an attacker and this may lead to information disclosure by {source.Name}. Consider using a standard authentication mechanism to identify the destination process.,Not applicable,CR 1.2,CR 1.2 RE (1),CR 1.2 RE (1),{target.Name} ,may be spoofed by an attacker
Spoofing the {source.Name} External Entity,S,{source.Name} may be spoofed by an attacker and this may lead to unauthorized access to {target.Name}. Consider using a standard authentication mechanism to identify the external entity.,Not applicable,CR 1.2,CR 1.2 RE (1),CR 1.2 RE (1),{source.Name} ,may be spoofed by an attacker
Spoofing of Source Data Store {source.Name},S,{source.Name} may be spoofed by an attacker and this may lead to incorrect data delivered to {target.Name}. Consider using a standard authentication mechanism to identify the source data store.,Not applicable,CR 1.2,CR 1.2 RE (1),CR 1.2 RE (1),{source.Name} ,may be spoofed by an attacker
Spoofing of Destination Data Store {target.Name},S,{target.Name} may be spoofed by an attacker and this may lead to data being written to the attacker's target instead of {target.Name}. Consider using a standard authentication mechanism to identify the destination data store.,Not applicable,CR 1.2,CR 1.2 RE (1),CR 1.2 RE (1),{target.Name} ,may be spoofed by an attacker
Spoofing of the {target.Name} External Destination Entity,S,{target.Name} may be spoofed by an attacker and this may lead to data being sent to the attacker's target instead of {target.Name}. Consider using a standard authentication mechanism to identify the external entity.,Not applicable,CR 1.2,CR 1.2 RE (1),CR 1.2 RE (1),{target.Name} ,may be spoofed by an attacker
Potential Lack of Input Validation for {target.Name},T,Data flowing across {flow.Name} may be tampered with by an attacker. This may lead to a denial of service attack against {target.Name} or an elevation of privilege attack against {target.Name} or an information disclosure by {target.Name}. Failure to verify that input is as expected is a root cause of a very large number of exploitable issues. Consider all paths and the way they handle data. Verify that all input is verified for correctness using an approved list input validation approach.,CR 3.1 and SAR 3.2 and EDR 3.2 and HDR 3.2 and NDR 3.2,CR 3.1 RE (1) and HDR 3.2 RE (1),CR 3.1 RE (1) and HDR 3.2 RE (1),CR 3.1 RE (1) and HDR 3.2 RE (1),{target.Name} ,
{source.Name} Process Memory Tampered,T,"If {source.Name} is given access to memory, such as shared memory or pointers, or is given the ability to control what {target.Name} executes (for example, passing back a function pointer.), then {source.Name} can tamper with {target.Name}. Consider if the function could work with less access to memory, such as passing data rather than pointers. Copy in data provided, and then validate it.",CR 3.1 and SAR 3.2 and EDR 3.2 and HDR 3.2 and NDR 3.2,CR 3.1 RE (1) and HDR 3.2 RE (1),CR 3.1 RE (1) and HDR 3.2 RE (1),CR 3.1 RE (1) and HDR 3.2 RE (1),{target.Name} ,
Replay Attacks,T,Packets or messages without sequence numbers or timestamps can be captured and replayed in a wide variety of ways. Implement or utilize an existing communication protocol that supports anti-replay techniques (investigate sequence numbers before timers) and strong integrity.,Not applicable,CR 3.8,CR 3.8,CR 3.8,{source.Name} ,
Collision Attacks,T,"Attackers who can send a series of packets or messages may be able to overlap data. For example, packet 1 may be 100 bytes starting at offset 0. Packet 2 may be 100 bytes starting at offset 25. Packet 2 will overwrite 75 bytes of packet 1. Ensure you reassemble data before filtering it, and ensure you explicitly handle these sorts of cases.",Check Manually,Check Manually,Check Manually,Check Manually,,
Risks from Logging,T,"Log readers can come under attack via log files. Consider ways to canonicalize data in all logs. Implement a single reader for the logs, if possible, in order to reduce attack surface area. Be sure to understand and document log file elements which come from untrusted sources.",CR 6.1,CR 6.2,CR 6.1 RE (1),CR 6.1 RE (1),{source.Name} ,
Authenticated Data Flow Compromised,T,An attacker can read or modify data transmitted over an authenticated dataflow.,CR 3.1 and SAR 3.2 and EDR 3.2 and HDR 3.2 and NDR 3.2,CR 3.1 RE (1) and HDR 3.2 RE (1),CR 3.1 RE (1) and HDR 3.2 RE (1),CR 3.1 RE (1) and HDR 3.2 RE (1),{target.Name}  and {source.Name} ,
Potential SQL Injection Vulnerability for {target.Name},T,SQL injection is an attack in which malicious code is inserted into strings that are later passed to an instance of SQL Server for parsing and execution. Any procedure that constructs SQL statements should be reviewed for injection vulnerabilities because SQL Server will execute all syntactically valid queries that it receives. Even parameterized data can be manipulated by a skilled and determined attacker.,Check Manually,Check Manually,Check Manually,Check Manually,,
Possible SQL Injection Vulnerability for {target.Name},T,SQL injection is an attack in which malicious code is inserted into strings that are later passed to an instance of SQL Server for parsing and execution. Any procedure that constructs SQL statements should be reviewed for injection vulnerabilities because SQL Server will execute all syntactically valid queries that it receives. Even parameterized data can be manipulated by a skilled and determined attacker.,Check Manually,Check Manually,Check Manually,Check Manually,,
XML DTD and XSLT Processing,T,"If a dataflow contains XML, XML processing threats (DTD and XSLT code execution) may be exploited.",Check Manually,Check Manually,Check Manually,Check Manually,,
JavaScript Object Notation Processing,T,"If a dataflow contains JSON, JSON processing and hijacking threats may be exploited.",Check Manually,Check Manually,Check Manually,Check Manually,,
Cross Site Scripting,T,The web server '{target.Name}' could be a subject to a cross-site scripting attack because it does not sanitize untrusted input.,Check Manually,Check Manually,Check Manually,Check Manually,,
Persistent Cross Site Scripting,T,The web server '{target.Name}' could be a subject to a persistent cross-site scripting attack because it does not sanitize data store '{source.Name}' inputs and output.,Check Manually,Check Manually,Check Manually,Check Manually,,
The {target.Name} Data Store Could Be Corrupted,T,Data flowing across {flow.Name} may be tampered with by an attacker. This may lead to corruption of {target.Name}. Ensure the integrity of the data flow to the data store.,Check Manually,Check Manually,Check Manually,Check Manually,,
DICOM Data Tampering,T,"Tampering with DICOM data could result incorrect medical record content thereby resulting in misdiagnosis, incorrect treatment, etc. Consider using DICOM TLS to mitigate this risk.",Check Manually,Check Manually,Check Manually,Check Manually,,
LDAP Tampering {target.Name},T,Tampering with LDAP communications could allow unauthorized individuals to log in to a medical device.  Recommend using LDAPS with certificate checking enabled.,Check Manually,Check Manually,Check Manually,Check Manually,,
LDAP Injection from {source.Name},T,"LDAP Injection occurs when an attacker crafts special user input in a fashion that alters the intended communication with the server.  If an application does not correctly sanitize user input, itâ€™s possible to change LDAP statements in a fashion similar to SQL Injection. LDAP injection attacks could result in the granting of permissions to unauthorized queries, or in some cases even modifying the LDAP tree.",Check Manually,Check Manually,Check Manually,Check Manually,,
HL7 Tampering,T,"Tampering with {flow.Name} could result incorrect medical record content thereby resulting in misdiagnosis, incorrect treatment, billing, etc.  Tampering with an HL7 connection  would enable attackers to provide false personally identifiable health information, order prescription medications, order unnecessary tests, discharge/admit individuals, or to provide inaccurate information regarding allergies. Take design measures to encapsulate this data in an encrypted tunnel (IPSec VPN, SSH tunnel, TLS, etc).",Check Manually,Check Manually,Check Manually,Check Manually,,
Tampering with {source.Name} configuration,T,Attackers may attempt to alter the code or configuration settings of {source.Name} with an intent to harm patients.  Consider using code signing and cryptographic signatures on configuration files to mitigate this risk.,Check Manually,Check Manually,Check Manually,Check Manually,,
Tampering with {target.Name} configuration,T,Attackers may attempt to alter the code or configuration settings of {target.Name} with an intent to harm patients.  Consider using code signing and cryptographic signatures on configuration files to mitigate this risk.,Check Manually,Check Manually,Check Manually,Check Manually,,
Tampering with communications to {target.Name},T,"An attacker may tamper with communications to {target.Name}, potentially causing patient harm.  Recommend checking the integrity of all communications to the {target.Name}.",Check Manually,Check Manually,Check Manually,Check Manually,,
CANBUS Tampering,T,Canbus connections are not protected from other devices on the bus.  Physical access control restrictions must be used for this type of bus.  Be very certain that all other devices connected to the canbus are fully trusted.,Check Manually,Check Manually,Check Manually,Check Manually,,
Ethernet Frame Tampering,T,"Raw Ethernet frames can easily be tampered with.  Usage is strongly discouraged but may be appropriate in some cases with point-to-point networks, however, even then they should be used only with extreme caution.",Check Manually,Check Manually,Check Manually,Check Manually,,
{flow.Name} Tampering,T,Raw TCP connections are easily subject to man-in-the-middle attacks.  Strongly authenticated/hashed protocols are generally required.  An acceptable mitigation is using a TLS/SSL wrapper.,Check Manually,Check Manually,Check Manually,Check Manually,,
Syslog Tampering,T,"To reduce the risk of tampering, syslog data needs to be forwarded to a dissimilar, separate, operating system.",Check Manually,Check Manually,Check Manually,Check Manually,,
EMR Tampering,T,"Tampering with data stored in an EMR system could result incorrect medical record content thereby resulting in misdiagnosis, incorrect treatment, etc.  If not already handled by {target.Name}, use cryptographic signing to prevent out-of-band tampering with medical data.",Check Manually,Check Manually,Check Manually,Check Manually,,
PHI at Rest Tampering,T,"Attackers may attempt to modify PHI to avoid billing, or to cause misdiagnosis of a patient.  Recommend using cryptographic signing to protect against modification of PHI.",Check Manually,Check Manually,Check Manually,Check Manually,,
Pharmaceutical Pump safety aspects,7aa66497-ce96-4295-b2cc-ef556daf0c13,"{target.Name} may have patient safety related aspects.  Consider whether the following items should be addressed by the RAC [safety risk process]: 1)  tampering with settings of the pump could impact rate of pharmaceutical delivery 2) spoofing communications from the {source.Name} could result in undesired administration of a drug 3) denial of service attacks could result in missing doses of necessary pharmaceuticals (or in the case of diagnostic imaging, absence of contrast agent during an exam)",Check Manually,Check Manually,Check Manually,Check Manually,,
Ionizing Radiation Source safety aspects,7aa66497-ce96-4295-b2cc-ef556daf0c13,{target.Name} may have patient safety related aspects.  Consider whether the following items should be addressed by the RAC [safety risk process]: 1)  tampering with settings of the {target.Name} could result in higher-than-intended radiation dosage 2) spoofing communications from the {source.Name} could result in undesired administration of radiation 3) denial of service attacks could result in inability to perform scans at critical times 4) denial of service attacks could result in administering contrast agent when the radiation source is not available to perform imaging.,Check Manually,Check Manually,Check Manually,Check Manually,,
Communicating with a Medical Component across a trust boundary,7aa66497-ce96-4295-b2cc-ef556daf0c13,"Due to inherent safety risks associated with medical components, it is strongly recommended that communications should stay within the same zone of trust.  Consider whether there are safety risks relating to {flow.Name} that should be addressed in the RAC [safety risk process]",Check Manually,Check Manually,Check Manually,Check Manually,,
Image Detector Safety Aspects,7aa66497-ce96-4295-b2cc-ef556daf0c13,"{target.Name} may have patient safety related aspects.  Consider whether the following items should be addressed by the RAC [safety risk process]: 1) An attacker could tamper with sensitivity settings on  {target.Name} thereby causing poor images and/or a larger radiation dose 2) An attacker could tamper with the settings of {target.Name} to report bad pixels that are actually valid pixels, thereby reducing quality of the image and potentially contributing to misdiagnosis",Check Manually,Check Manually,Check Manually,Check Manually,,
{target.Name} has inappropriate connection,7aa66497-ce96-4295-b2cc-ef556daf0c13,Emergency stops must not accept incoming data.  The only acceptable architectural solution is to hardwire the button directly to circuitry which will control the shutdown sequence.,Check Manually,Check Manually,Check Manually,Check Manually,,
{source.Name} using wireless,7aa66497-ce96-4295-b2cc-ef556daf0c13,Emergency stops must not communicate over wireless.  The only acceptable architectural solution is to hardwire the button directly to circuitry which will control the shutdown sequence.,Check Manually,Check Manually,Check Manually,Check Manually,,
Sensor Safety Aspects,7aa66497-ce96-4295-b2cc-ef556daf0c13,"{target.Name} may have patient safety related aspects.  Consider whether the following item should be addressed by the RAC [safety risk process]: An attacker may reconfigure or spoof a sensor, causing downstream impacts to the rest of the medical device, potentially leading to inaccurate medical decisions and/or unsafe activation of physical component",Check Manually,Check Manually,Check Manually,Check Manually,,
Emergency Stop Safety Aspects,7aa66497-ce96-4295-b2cc-ef556daf0c13,"{source.Name} may have patient safety related aspects.  Consider whether the following item should be addressed by the RAC [safety risk process]: 1) There are well-known cases in which emergency stop buttons have been disabled due to deliberate tampering.  Recommend including mitigations such as a built-in self-test of emergency shutdown mechanisms or in cases where it would be suitable, a backup e-stop. 2) Accidental or intentional use of {source.Name} can prevent usage of medically necessary equipment.",Check Manually,Check Manually,Check Manually,Check Manually,,
Safety Interlock Safety Aspects,7aa66497-ce96-4295-b2cc-ef556daf0c13,{source.Name} may have patient safety related aspects.  Consider whether the following items should be addressed by the RAC [safety risk process]: 1) Physical tampering could result in activating the medical device while an unsafe condition exists 2) Unable to begin medical procedure because the interlock  is reporting inaccurate data.,Check Manually,Check Manually,Check Manually,Check Manually,,
PACS Safety Aspects,7aa66497-ce96-4295-b2cc-ef556daf0c13,"Consider whether the following items should be addressed by the RAC [safety risk process]: 1) Tampering with data stored on a PACS could result incorrect medical record content thereby resulting in misdiagnosis, incorrect treatment, etc. Using cryptographic signing to prevent out-of-band tampering with medical data is recommended.  2) Disabling the PACS would be a prime target for an attacker with malicious intent.  A non-functional PACS could prevent clinicians from seeing necessary images in a timely fashion.",Check Manually,Check Manually,Check Manually,Check Manually,,
Integrity of data transmitted from {source.Name} to {target.Name},7aa66497-ce96-4295-b2cc-ef556daf0c13,Consider whether the following item should be addressed by the RAC [safety risk process]:  Malicious tampering with PHI sent between the {source.Name} and {target.Name} could lead to misdiagnosis or other inappropriate medical actions.   Recommend using a data flow type that will to ensure the integrity of the data transmitted.,Check Manually,Check Manually,Check Manually,Check Manually,,
DICOM tampering safety,7aa66497-ce96-4295-b2cc-ef556daf0c13,Consider whether the following item should be addressed by the RAC [safety risk process]: Using unencrypted DICOM would make it possible for an attacker to tamper with images to reverse Right and Left or otherwise modify the image to intentionally bring harm to patients.,Check Manually,Check Manually,Check Manually,Check Manually,,
Lower Trusted Subject Updates Logs,R,"If you have trust levels, is anyone other outside of the highest trust level allowed to log? Letting everyone write to your logs can lead to repudiation problems. Only allow trusted code to log.",CR 6.1,CR 6.2,CR 6.1 RE (1),CR 6.1 RE (1),{target.Name}  and {source.Name} ,
Data Logs from an Unknown Source,R,Do you accept logs from unknown or weakly authenticated users or systems? Identify and authenticate the source of the logs before accepting them.,CR 6.1,CR 6.2,CR 6.1 RE (1),CR 6.1 RE (1),{target.Name}  and {source.Name} ,
Insufficient Auditing,R,Does the log capture enough data to understand what happened in the past? Do your logs capture enough data to understand an incident after the fact? Is such capture lightweight enough to be left on all the time? Do you have enough data to deal with repudiation claims? Make sure you log sufficient and appropriate data to handle a repudiation claims. You might want to talk to an audit expert as well as a privacy expert about your choice of data.,Check Manually,Check Manually,Check Manually,Check Manually,,
Potential Weak Protections for Audit Data,R,"Consider what happens when the audit mechanism comes under attack, including attempts to destroy the logs, or attack log analysis programs. Ensure access to the log is through a reference monitor, which controls read and write separately. Document what filters, if any, readers can rely on, or writers should expect",CR 6.1 and CR 3.4 and CR 2.1,CR 6.2,CR 6.1 RE (1),CR 6.1 RE (1),{target.Name}  and {source.Name} ,
Potential Data Repudiation by {target.Name},R,"{target.Name} claims that it did not receive data from a source outside the trust boundary. Consider using logging or auditing to record the source, time, and summary of the received data.",CR 2.8 and CR 2.11 and CR 2.12,CR 2.8 and CR 2.11 and CR 2.12,CR 2.8 and CR 2.11 and CR 2.12,CR 2.8 and CR 2.11 and CR 2.12,{source.Name} ,
External Entity {target.Name} Potentially Denies Receiving Data,R,"{target.Name} claims that it did not receive data from a process on the other side of the trust boundary. Consider using logging or auditing to record the source, time, and summary of the received data.",CR 2.8 and CR 2.11 and CR 2.12,CR 2.8 and CR 2.11 and CR 2.12,CR 2.8 and CR 2.11 and CR 2.12,CR 2.8 and CR 2.11 and CR 2.12,{source.Name} ,
Data Store Denies {target.Name} Potentially Writing Data,R,"{target.Name} claims that it did not write data received from an entity on the other side of the trust boundary. Consider using logging or auditing to record the source, time, and summary of the received data.",CR 2.8 and CR 2.11 and CR 2.12,CR 2.8 and CR 2.11 and CR 2.12,CR 2.8 and CR 2.11 and CR 2.12,CR 2.8 and CR 2.11 and CR 2.12,{source.Name} ,
{target.Name} - Repudiation,R,"Because the {target.Name} is a potentially sensitive medical component, activity logging is strongly recommended for accountability and forensic reasons.",CR 2.8 and CR 2.11 and CR 2.12,CR 2.8 and CR 2.11 and CR 2.12,CR 2.8 and CR 2.11 and CR 2.12,CR 2.8 and CR 2.11 and CR 2.12,{target.Name} ,
{source.Name} - Outgoing Auditing,R,"Because the {source.Name} sends data to another zone of trust, logging is a necessity for accountability and forensic reasons.",CR 2.8 and CR 2.11 and CR 2.12,CR 2.8 and CR 2.11 and CR 2.12,CR 2.8 and CR 2.11 and CR 2.12,CR 2.8 and CR 2.11 and CR 2.12,{source.Name} ,
{source.Name} - Repudiation,R,"If pushing the emergency stop button causes special expenses (liquid helium release, automatic call to emergency services, etc.), consider using security cameras or snapping a photo of the area near the emergency stop when the button is activated.",Check Manually,Check Manually,Check Manually,Check Manually,,
Syslog Flooding,R,"Be cognizant that attackers may use DoS attacks to cover-up their actions and prevent logging of events.  If high-availability is not a requirement for the product, consider going to a secure default (shutting down) if the syslog server is unable to continue recording events.",Check Manually,Check Manually,Check Manually,Check Manually,,
EMR Repudiation,R,Clinicians may obtain or attempt to obtain information on VIP patients from an EMR that they do not have a medically valid reason to view.  Recommend making a log of requested activity for accountability and forensic reasons.,Check Manually,Check Manually,Check Manually,Check Manually,,
Authorization Bypass,I,"Can you access {target.Name} and bypass the permissions for the object? For example by editing the files directly with a hex editor, or reaching it via filesharing? Ensure that your program is the only one that can access the data, and that all other subjects have to use your interface.",CR 2.1 and CR 7.7 and CR 4.1 and CR 1.5 and CR 3.1 and CR 3.4,CR 2.1 and CR 7.7 and CR 4.1 and CR 1.5 and CR 3.1 and CR 3.4,CR 2.1 and CR 7.7 and CR 4.1 and CR 1.5 and CR 3.1 and CR 3.4,CR 2.1 and CR 7.7 and CR 4.1 and CR 1.5 and CR 3.1 and CR 3.4,{target.Name} ,
Data Flow Sniffing,I,"Data flowing across {flow.Name} may be sniffed by an attacker. Depending on what type of data an attacker can read, it may be used to attack other parts of the system or simply be a disclosure of information leading to compliance violations. Consider encrypting the data flow.",CR 3.1 and SAR 3.2 and EDR 3.2 and HDR 3.2 and NDR 3.2,CR 3.1 RE (1) and HDR 3.2 RE (1),CR 3.1 RE (1) and HDR 3.2 RE (1),CR 3.1 RE (1) and HDR 3.2 RE (1),{target.Name}  and {source.Name} ,
Weak Access Control for a Resource,I,Improper data protection of {source.name} can allow an attacker to read information not intended for disclosure. Review authorization settings.,CR 3.1 and SAR 3.2 and EDR 3.2 and HDR 3.2 and NDR 3.2,CR 3.1 RE (1) and HDR 3.2 RE (1),CR 3.1 RE (1) and HDR 3.2 RE (1),CR 3.1 RE (1) and HDR 3.2 RE (1),{target.Name}  and {source.Name} ,
Weak Credential Storage,I,"Credentials held at the server are often disclosed or tampered with and credentials stored on the client are often stolen. For server side, consider storing a salted hash of the credentials instead of storing the credentials themselves. If this is not possible due to business requirements, be sure to encrypt the credentials before storage, using an SDL-approved mechanism. For client side, if storing credentials is required, encrypt them and protect the data store in which they're stored",CR 1.5 and CR 4.1 and CR 4.3,CR 1.5 and CR 4.1 and CR 4.3,CR 1.9 RE (1),CR 1.9 RE (1),{target.Name}  and {source.Name} ,
Weak Credential Transit,I,"Credentials on the wire are often subject to sniffing by an attacker. Are the credentials re-usable/re-playable? Are credentials included in a message? For example, sending a zip file with the password in the email. Use strong cryptography for the transmission of credentials. Use the OS libraries if at all possible, and consider cryptographic algorithm agility, rather than hardcoding a choice.",CR 3.1 and SAR 3.2 and EDR 3.2 and HDR 3.2 and NDR 3.2,CR 3.1 RE (1) and HDR 3.2 RE (1),CR 3.1 RE (1) and HDR 3.2 RE (1),CR 3.1 RE (1) and HDR 3.2 RE (1),{target.Name}  and {source.Name} ,
Weak Authentication Scheme,I,"Custom authentication schemes are susceptible to common weaknesses such as weak credential change management, credential equivalence, easily guessable credentials, null credentials, downgrade authentication or a weak credential change management system. Consider the impact and potential mitigations for your custom authentication scheme.",CR 1.5 and CR 1.7 and CR 1.2,CR 1.8,CR 1.7 RE (1),CR 1.7 RE (2),{target.Name}  and {source.Name} ,
SSH Banner Disclosure,I,The {target.Name} informational banner should not provide unnecessary information about the nature of the system.  Ensue no banner appears until after a successful login.,Check Manually,Check Manually,Check Manually,Check Manually,,
SSH Version 1,I,SSH version 1 is fundamentally vulnerable to man-in-the-middle attacks. Use version 2 instead.,Check Manually,Check Manually,Check Manually,Check Manually,,
HL7 Unencrypted,I,"HL7 does not provide native data encryption.  This is particularly concerning as almost all HL7 messages include PHI.  Take design measures to encapsulate this data in an encrypted tunnel (IPSec VPN, SSH tunnel, TLS, etc).",Check Manually,Check Manually,Check Manually,Check Manually,,
DICOM Data Flow Sniffing,I,"DICOM messages typically include sensitive personal health information.   Data flowing across {flow.Name} may be sniffed by an attacker. Monitoring unencrypted DICOM connections may also reveal the network topology of the hospital, enabling more sophisticated attacks on a hospital network.  Consider using DICOM TLS to encrypt the messages.",Check Manually,Check Manually,Check Manually,Check Manually,,
Ethernet Frame Sniffing,I,Do not transmit private or sensitive information using raw Ethernet frames unless the network is trusted or a higher-level encryption protocol is used.,Check Manually,Check Manually,Check Manually,Check Manually,,
CANBUS Information Disclosure,I,"Unless specific protections are applied, all other devices on the bus are able to read data. Use a different communication protocol if this is not acceptable.",Check Manually,Check Manually,Check Manually,Check Manually,,
{target.Name} Not using Encryption at Rest,I,"PHI is being sent via {flow.Name} to the {target.Name}, which is not using encryption at rest. Attackers may be interested in this information, especially for VIP patients or to commit fraud.  Recommend using encryption at rest for any stored data.",Check Manually,Check Manually,Check Manually,Check Manually,,
{source.Name} Transmitting Unencrypted PHI,I,The {source.Name} may be transmitting unencrypted Personally Identifiable Health Information to the {target.Name}.  Regulatory requirements (such as HIPPA) likely apply.  Recommend encrypting the data flow to ensure the confidentiality of the data is protected.,Check Manually,Check Manually,Check Manually,Check Manually,,
Physical theft of component communicating via {flow.Name},I,"By physically stealing the {source.Name}, an attacker might exploit ""trust"" of communications via {flow.Name} to gain further access to the overall system.  This is a particularly acute risk for components that communicate via wireless protocols. While designing the system, recommend including methods to revoke access for stolen components with wireless access.",Check Manually,Check Manually,Check Manually,Check Manually,,
{flow.Name} Information Disclosure,I,Raw TCP connections are easily observed while in transit.  Encrypted protocols are generally required.  An acceptable mitigation is using a TLS/SSL wrapper.,Check Manually,Check Manually,Check Manually,Check Manually,,
PACS Information Disclosure,I,"A PACS, by definition, stores large quantities of PHI.   Use encryption at rest to prevent out-of-band access to data.",Check Manually,Check Manually,Check Manually,Check Manually,,
{target.Name} Usage in Public Spaces,I,{target.Name} may show PHI on the display and be used in public spaces.  Options to consider include 1) reducing the visibility of PHI to only authorized users 2) obfuscating private information such as showing only initials instead of a full last name  3) using idle screen savers and minimized data read-outs,Check Manually,Check Manually,Check Manually,Check Manually,,
Out of Band EMR Access,I,"An EMR by definition stores large quantities of PHI.  As a prerequisite to use of a third-party EMR, verify that encryption at rest is implemented to prevent out-of-band access to PHI.",Check Manually,Check Manually,Check Manually,Check Manually,,
{target.Name} Storing PHI,I,"Mixing PHI with general system logs is strictly prohibited, as debug logs are not generally treated with the same level of sensitivity as patient information.  Note that this threat is not applicable if the primary purpose of the log is for repudiation purposes:  for example, a log that indicates a specific clinician accessed a specific patient's data would be appropriate.",Check Manually,Check Manually,Check Manually,Check Manually,,
Potential Excessive Resource Consumption for {source.Name} or {target.Name},D,"Does {source.Name} or {target.Name} take explicit steps to control resource consumption? Resource consumption attacks can be hard to deal with, and there are times that it makes sense to let the OS do the job. Be careful that your resource requests don't deadlock, and that they do timeout.",CR 7.1 and CR 7.2,CR 7.1 RE (1) and CR 7.3 RE (1),CR 7.6 RE (1),CR 7.6 RE (1),{target.Name}  and {source.Name} ,
Potential Process Crash or Stop for {target.Name},D,"{target.Name} crashes, halts, stops or runs slowly; in all cases violating an availability metric.",CR 7.1 and CR 7.2,CR 7.1 RE (1) and CR 7.3 RE (1),CR 7.6 RE (1),CR 7.6 RE (1),{target.Name},
Data Flow {flow.Name} Is Potentially Interrupted,D,An external agent interrupts data flowing across a trust boundary in either direction.,CR 3.1 and CR 5.1 and NDR 5.2,CR 3.1 RE (1) and CR 4.2 and NDR 5.2 RE (1),NDR 5.2 RE (2),NDR 5.2 RE (2),{target.Name}  and {source.Name} ,
Data Store Inaccessible,D,An external agent prevents access to a data store on the other side of the trust boundary.,Check Manually,Check Manually,Check Manually,Check Manually,,
SSH Credential DoS,D,Check operating system lockout settings to ensure that an illegitimate access attempts over SSH will not cause a lockout to legitimate local users.,Check Manually,Check Manually,Check Manually,Check Manually,,
LDAP Denial of Service,D,Medical devices that use LDAP for authentication may become inaccessible if the LDAP server is attacked.  Recommend providing a backup authentication mechanism if the device is safety critical.,Check Manually,Check Manually,Check Manually,Check Manually,,
Wireless Connection via {flow.Name} to {target.Name},D,{flow.Name}: Medical components connecting via any form of wireless networking must consider radio frequency interference/jamming scenarios.  Components with urgent usage scenarios should consider providing a back-up wired option to avoid scenarios involving wireless jamming.,Check Manually,Check Manually,Check Manually,Check Manually,,
Table Denial of Service,D,"For exam types that use ionizing radiation, causing the {target.Name} to stop working mid-exam could result in unnecessary exposure to radiation and inability of the device to fulfill it's clinical purpose.  Other scenarios to consider:  sending invalid commands that cause the {target.Name} to move beyond appropriate physical limits causing the the table to malfunction.",Check Manually,Check Manually,Check Manually,Check Manually,,
{target.Name} Burn Out,D,Attackers may attempt to damage or destroy the {target.Name} by tampering with voltage and current settings.  Recommend including physical safeguards to prevent this scenario.,Check Manually,Check Manually,Check Manually,Check Manually,,
{target.Name} Physical Movement Limits Exceeded,D,"Physical safeguards need to be in place to prevent physical damage to {target.Name} if it were commanded to exceed physical limits (for example, running the gantry too quickly or smashing a C-arm into the floor).",Not applicable,EDR 3.11 and HDR 3.11 and NDR 3.11,EDR 3.11 RE (1) and HDR 3.11 RE (1) and NDR 3.11 RE (1),EDR 3.11 RE (1) and HDR 3.11 RE (1) and NDR 3.11 RE (1),{target.Name},
HL7 Denial of Service,D,HL7 can include data that is time-sensitive and critical to care such as heart rate and oxygen level.  Blocking or changing this information can be safety critical.  Provide design mechanisms to mitigate this threat.,Check Manually,Check Manually,Check Manually,Check Manually,,
CANBUS Denial of Service,D,"For {flow.Name}, other devices on the bus can prevent communications.  Use a different communication protocol if this is not acceptable.",Check Manually,Check Manually,Check Manually,Check Manually,,
Ethernet Frame Denial of Service,D,"Raw Ethernet frames have numerous options for denial of service attacks.  Usage is strongly discouraged but may be appropriate in some cases with point-to-point networks, however, even then they should be used only with extreme caution.",Check Manually,Check Manually,Check Manually,Check Manually,,
{flow.Name} Denial of Service,D,Custom protocols generally require writing a custom parser; custom parsers are particularly prone to errors that crash the server. Strongly recommend fuzzing the parsers.,Check Manually,Check Manually,Check Manually,Check Manually,,
Syslog Denial of Service,D,Traditional syslog is a UDP-based protocol that is highly subject to denial of service attacks.  Recommend only using within a trust boundary.,Check Manually,Check Manually,Check Manually,Check Manually,,
EMR Denial of Service,D,Disabling the EMR system would be a prime target for an attacker with malicious intent.  A non-functional EMR system could prevent clinicians from accessing necessary data in a timely fashion.  Consider redundant design options to minimize dependence on EMR systems.,Check Manually,Check Manually,Check Manually,Check Manually,,
Weakness in SSO Authorization,E,Common SSO implementations such as OAUTH2 and OAUTH Wrap are vulnerable to MitM attacks.,Check Manually,Check Manually,Check Manually,Check Manually,,
Elevation Using Impersonation,E,{target.Name} may be able to impersonate the context of {source.Name} in order to gain additional privilege.,CR 2.1,CR 2.1 RE (1) and CR 2.1 RE (2) and CR 1.2 and CR 1.14,CR 2.1 RE (1) and CR 2.1 RE (2) and CR 1.2 and CR 1.14,CR 2.1 RE (1) and CR 2.1 RE (2) and CR 1.2 and CR 1.14,{target.Name}  and {source.Name} ,
{target.Name} May be Subject to Elevation of Privilege Using Remote Code Execution,E,{source.Name} may be able to remotely execute code for {target.Name}.,CR 3.4 and CR 3.5 and SAR 3.2 and EDR 3.2 and HDR 3.2 and EDR 3.10 and HDR 3.10 and NDR 3.10,HDR 3.2 RE (1) and EDR 3.10 RE (1) and HDR 3.10 RE (1) and NDR 3.10 RE (1) and CR 6.2,HDR 3.2 RE (1) and EDR 3.10 RE (1) and HDR 3.10 RE (1) and NDR 3.10 RE (1) and CR 6.2,HDR 3.2 RE (1) and EDR 3.10 RE (1) and HDR 3.10 RE (1) and NDR 3.10 RE (1) and CR 6.2,{target.Name}  and {source.Name} ,
Elevation by Changing the Execution Flow in {target.Name},E,An attacker may pass data into {target.Name} in order to change the flow of program execution within {target.Name} to the attacker's choosing.,CR 3.4 and CR 3.5 and SAR 3.2 and EDR 3.2 and HDR 3.2 and EDR 3.10 and HDR 3.10 and NDR 3.10,HDR 3.2 RE (1) and EDR 3.10 RE (1) and HDR 3.10 RE (1) and NDR 3.10 RE (1) and CR 6.2,HDR 3.2 RE (1) and EDR 3.10 RE (1) and HDR 3.10 RE (1) and NDR 3.10 RE (1) and CR 6.2,HDR 3.2 RE (1) and EDR 3.10 RE (1) and HDR 3.10 RE (1) and NDR 3.10 RE (1) and CR 6.2,{target.Name}  and {source.Name} ,
Cross Site Request Forgery,E,"Cross-site request forgery (CSRF or XSRF) is a type of attack in which an attacker forces a user's browser to make a forged request to a vulnerable site by exploiting an existing trust relationship between the browser and the vulnerable web site.  In a simple scenario, a user is logged in to web site A using a cookie as a credential.  The other browses to web site B.  Web site B returns a page with a hidden form that posts to web site A.  Since the browser will carry the user's cookie to web site A, web site B now can take any action on web site A, for example, adding an admin to an account.  The attack can be used to exploit any requests that the browser automatically authenticates, e.g. by session cookie, integrated authentication, IP whitelisting etc.  The attack can be carried out in many ways such as by luring the victim to a site under control of the attacker, getting the user to click a link in a phishing email, or hacking a reputable web site that the victim will visit. The issue can only be resolved on the server side by requiring that all authenticated state-changing requests include an additional piece of secret payload (canary or CSRF token) which is known only to the legitimate web site and the browser and which is protected in transit through SSL/TLS. See the Forgery Protection property on the flow stencil for a list of mitigations.",Check Manually,Check Manually,Check Manually,Check Manually,,
Bypassing firewalls using SSH Tunneling,E,"Authenticated but less privileged users may be able to abuse SSH tunneling mechanisms to bypass firewalls.  Unless needed, ensure the sshd_config setting for AllowTcpForwarding is set to No.",Check Manually,Check Manually,Check Manually,Check Manually,,
X Forwarding on {target.Name},E,"SSH provides an optional graphical user interface forwarding feature known as ""X forwarding"".  This could result in undesired remote display of graphical interfaces or remote-commanded initiation of display features (such as screenshots).  Recommend ensuring that X11 forwarding is disabled unless necessary.",Check Manually,Check Manually,Check Manually,Check Manually,,
Non-production modes for {target.Name},E,"{target.Name} designs may include alternative modes such as factory test mode, service mode, or warm-up mode that bypass normal access controls and safety interlocks.  Carefully review any/all such modes for the {target.Name} to ensure an attacker would not be able to exploit it.  Avoid using a shared password to restrict access any such mode.",Check Manually,Check Manually,Check Manually,Check Manually,,
Trusted Wireless Connection via {flow.Name} to {target.Name},E,"{flow.Name}: An attacker who gains access to a medical component or mimics a medical component might exploit ""trust"" of the component to gain further access to the system.  Especially for wireless components using standard protocols (WiFi, Bluetooth, etc), recommend employing host-side firewalls and fuzzing the protocol used to communicate with the component.",Check Manually,Check Manually,Check Manually,Check Manually,,
Doors unlocked by {source.Name},E,"Automatically locked doors may be unlocked as part of an emergency stop process.  If this applies, consider security aspects and make corresponding mitigations such as an audible/visible alarm.",Check Manually,Check Manually,Check Manually,Check Manually,,
EMR Role-based access,E,"EMR systems typically play a role in the prescribing of medications, including narcotics.  Ensure the system uses appropriate role-based permissions.  In particular, do not use a role that can prescribe medications when unnecessary.",Check Manually,Check Manually,Check Manually,Check Manually,,
Pharmaceutical Pump - Abuse,A,Patients desiring higher doses of controlled medications (such as morphine) may attempt to gain access to higher doses.  Carefully consider any such abuse cases in the system design.,Check Manually,Check Manually,Check Manually,Check Manually,,
Ionizing Radiation Source - Abuse,A,"Technologists in search of better image quality may configure the {target.Name} to use a higher-intensity exposure than necessary.  It is recommended to cross-reference other available data (patient weight, age, etc) to ensure the user-supplied voltage/current settings are appropriate.",Check Manually,Check Manually,Check Manually,Check Manually,,
{source.Name} Used Routinely - Abuse,A,Users may elect to use the {source.Name} as an alternative on/off mechanism for the device which can result in wear and tear so the button doesn't work when needed.,Check Manually,Check Manually,Check Manually,Check Manually,,
{source.Name} Used Routinely - Abuse,A,Users may elect to use the {source.Name} as an alternative on/off mechanism for the device which can result in wear and tear so the interlock doesn't work when needed.,Check Manually,Check Manually,Check Manually,Check Manually,,
{source.Name} Causes Damage - Abuse,A,"In some cases, user activation of the {source.Name} could cause damage to the equipment.  A few specific examples include loss of data due to sudden power loss and liquid helium loss in an MRI quench.  Design the emergency stop mechanism to minimize the associated risks.",Check Manually,Check Manually,Check Manually,Check Manually,,
PACS Abuse,A,Clinicians may obtain or attempt to obtain images of VIP patients from a PACS that they do not have a medically valid reason to view. Recommend logging all activities to prevent repudiation.,Check Manually,Check Manually,Check Manually,Check Manually,,
PII Crossing a Trust Boundary,963cfa0d-0d15-4186-9b4a-4c88154a687a,{flow.Name} crosses a trust boundary and contains Personally Identifiable Information.  Please review the data being transmitted for compliance with all applicable laws and regulations.,Check Manually,Check Manually,Check Manually,Check Manually,,
